,Reg no.,Name,Incorp-orated,Dissolved,Type1,2107624,"271 Fifth International Limited",2014-06-11,,"Private, ltd by shares"2,2107580,"5 Miles Lab Company Limited
五里數位廣告實驗室有限公司",2014-06-11,,"Private, ltd by shares"3,2107532,"543 Co., Limited",2014-06-11,2020-10-30,"Private, ltd by shares"4,2107508,"72 STUDIO LIMITED
72變工作室有限公司",2014-06-11,,"Private, ltd by shares"5,2107578,"852 West Limited",2014-06-11,,"Private, ltd by shares"6,2107283,"ABC INDUSTRIAL CO., LIMITED
艾貝斯實業有限公司",2014-06-11,2020-04-03,"Private, ltd by shares"7,2107493,"ACPL LIMITED",2014-06-11,,"Private, ltd by shares"8,2107448,"ACTION FAST LIMITED
騰開有限公司",2014-06-11,,"Private, ltd by shares"9,2107334,"Agnum Impex Limited",2014-06-11,2018-02-02,"Private, ltd by shares"10,2107127,"AINA Food Company Limited",2014-06-11,2019-03-15,"Private, ltd by shares"11,2107385,"AKA INTERNATIONAL LIMITED",2014-06-11,,"Private, ltd by shares"12,2107496,"ALESCO LIMITED",2014-06-11,,"Private, ltd by shares"13,2107616,"Alicia Beauty and Health Club Company Limited",2014-06-11,2017-12-08,"Private, ltd by shares"14,2107454,"Aliddin Group Limited
阿拉丁集團有限公司",2014-06-11,2015-12-04,"Private, ltd by shares"15,2107497,"ALL CITY LIMITED (d2020-04-29)",2014-06-11,2020-04-29,"Private, ltd by shares"16,2107642,"ALL FRESH HYDROPONICS LIMITED",2014-06-11,2017-07-07,"Private, ltd by shares"17,2107406,"ALNAJAH INTERNATIONAL TRADING CO., LIMITED
納紮赫國際貿易有限公司",2014-06-11,,"Private, ltd by shares"18,2107572,"ALPHA COMMUNICATION SERVICES LIMITED",2014-06-11,,"Private, ltd by shares"19,2107352,"America Automic Group Co., Limited
美國奧特美克集團有限公司",2014-06-11,2018-03-02,"Private, ltd by shares"20,2107188,"America Components Agent Company Limited",2014-06-11,2019-03-15,"Private, ltd by shares"21,2107510,"Amplewood Capital Partners (HK) Limited
安得資本(香港)有限公司",2014-06-11,,"Private, ltd by shares"22,2107118,"ANTARA LIMITED (HK)",2014-06-11,2018-03-02,"Private, ltd by shares"23,2107320,"AOPRE INTERNATIONAL (HONGKONG) CO., LIMITED
歐柏國際(香港)有限公司",2014-06-11,,"Private, ltd by shares"24,2107326,"APPS CREATION LIMITED
正腦作有限公司",2014-06-11,2018-03-02,"Private, ltd by shares"25,2107229,"AQUILA TRADING AND SERVICES LIMITED",2014-06-11,,"Private, ltd by shares"26,2107177,"ARTSITE ELECTRICAL APPLIANCE CO., LIMITED
雅特電器有限公司",2014-06-11,,"Private, ltd by shares"27,2107437,"ASIA AFRICA DAX DATA COMPANY LIMITED
亞非大象數據有限公司",2014-06-11,2019-07-05,"Private, ltd by shares"28,2107589,"ASIA FREIGHT SOLUTIONS (H.K.) LIMITED
英輝物流(香港)有限公司",2014-06-11,,"Private, ltd by shares"29,2107351,"Asia Medical (Hong Kong) Co., Limited
香港亞洲醫療股份有限公司",2014-06-11,,"Private, ltd by shares"30,2107608,"ASIAN AEROSOL FEDERATION LIMITED",2014-06-11,,"Ltd by guarantee"31,2107607,"Asiavision Media Limited",2014-06-11,,"Private, ltd by shares"32,2107416,"ASIN MEDICAL EQUIPMENT CO., LIMITED
綠信醫療器材有限公司",2014-06-11,2020-08-28,"Private, ltd by shares"33,2107628,"ASSET CROWN LIMITED",2014-06-11,,"Private, ltd by shares"34,2107378,"Astus Hub Toolbox Limited",2014-06-11,2019-03-15,"Private, ltd by shares"35,2107626,"Athena Advisory Company Limited",2014-06-11,,"Private, ltd by shares"36,2107252,"Avent Limited (HK)",2014-06-11,2018-02-02,"Private, ltd by shares"37,2107539,"AVIATION ENGINEERING MANAGEMENT SERVICES COMPANY LIMITED",2014-06-11,2019-12-06,"Private, ltd by shares"38,2107254,"AXTOM LIMITED",2014-06-11,,"Private, ltd by shares"39,2107403,"BACK TO BASIC HOLDING COMPANY LIMITED",2014-06-11,,"Private, ltd by shares"40,2107359,"BAIRUIDA INTERNATIONAL TRADING CO., LIMITED
佰瑞達國際貿易有限公司",2014-06-11,,"Private, ltd by shares"41,2107295,"Basic Enterprises Limited (HK)",2014-06-11,,"Private, ltd by shares"42,2107261,"BE FOR YOU (HK) TRADING COMPANY LIMITED",2014-06-11,,"Private, ltd by shares"43,2107264,"BE FOR YOU TRADING COMPANY LIMITED",2014-06-11,,"Private, ltd by shares"44,2107501,"BEAUTY OCEAN LIMITED",2014-06-11,2018-03-02,"Private, ltd by shares"45,2107407,"BEAUTYAN (HONGKONG) HOLDINGS CO., LIMITED
美麗緣(香港)控股有限公司",2014-06-11,2016-12-30,"Private, ltd by shares"46,2107194,"Beijing Capital Investment Limited",2014-06-11,,"Private, ltd by shares"47,2107338,"BEIJING XINSHIDA INT'L CHEMICAL INDUSTRY LIMITED
北京鑫世達國際化工有限公司",2014-06-11,2019-03-15,"Private, ltd by shares"48,2107449,"BEST JOURNEY LIMITED (d2018-03-02)
朗程有限公司",2014-06-11,2018-03-02,"Private, ltd by shares"49,2107436,"BESTEP LIMITED (d2018-11-16)
百士達有限公司",2014-06-11,2018-11-16,"Private, ltd by shares"50,2107475,"Bianxi Group International Medical Biotechnology (HK) Limited
香港汴禧集團國際醫美生物科技有限公司",2014-06-11,,"Private, ltd by shares"51,2107466,"BIO BUSINESS &amp; TRADE LIMITED",2014-06-11,2019-03-15,"Private, ltd by shares"52,2107592,"BLACK OPTICS LIMITED
百奧迪光學有限公司",2014-06-11,,"Private, ltd by shares"53,2107253,"BLING WORLD (HK) CO., LIMITED
彬琳沃(香港)有限公司",2014-06-11,,"Private, ltd by shares"54,2107446,"Blue Goat Media Limited",2014-06-11,,"Private, ltd by shares"55,2107117,"BLUE STAR HOLDING HONG KONG LIMITED",2014-06-11,,"Private, ltd by shares"56,2107509,"BLUE WALL LIMITED",2014-06-11,2018-11-02,"Private, ltd by shares"57,2107205,"BLUEHAWK TRADING LIMITED",2014-06-11,2019-03-15,"Private, ltd by shares"58,2107619,"BLUETECH ENVIRONMENTAL (HK) COMPANY LIMITED
港科環保科技有限公司",2014-06-11,,"Private, ltd by shares"59,2107304,"BNW FORTUNE CO., LIMITED
義烏寶威國際貿易有限公司",2014-06-11,,"Private, ltd by shares"60,2107245,"BOKE INTERNATIONAL CO., LIMITED",2014-06-11,,"Private, ltd by shares"61,2107457,"BRIGHT BENEFIT LIMITED (d2018-03-02)
得光有限公司",2014-06-11,2018-03-02,"Private, ltd by shares"62,2107224,"BRIGHT SEA MARINE ENGINEERING LIMITED
明海船舶工程有限公司",2014-06-11,2020-06-05,"Private, ltd by shares"63,2107211,"BSG INVESTMENT LIMITED
寶盛環球投資有限公司",2014-06-11,2019-02-08,"Private, ltd by shares"64,2107435,"Bumblebee Enterprises Limited",2014-06-11,,"Private, ltd by shares"65,2107238,"BURLINGTON INTERNATIONAL TRADING CO., LIMITED",2014-06-11,2019-03-15,"Private, ltd by shares"66,2107139,"Caffe Perfetto Limited (HK)",2014-06-11,,"Private, ltd by shares"67,2107244,"CAPITAL CHINESE COUNCIL CO., LIMITED
資本中華總會有限公司",2014-06-11,2020-01-10,"Private, ltd by shares"68,2107282,"CAPITAL SQUARE PARTNERS LIMITED",2014-06-11,,"Private, ltd by shares"69,2107287,"CaSar Limited (d2016-07-29)",2014-06-11,2016-07-29,"Private, ltd by shares"70,2107154,"CASSIA INDUSTRY CO., LIMITED (d2015-12-24)
桂枝實業有限公司",2014-06-11,2015-12-24,"Private, ltd by shares"71,2107408,"CCA INDUSTRIAL LIMITED
中商航實業有限公司",2014-06-11,2015-11-13,"Private, ltd by shares"72,2107421,"CCA LOGISTICS DEVELOPMENT LIMITED
中商航物流發展有限公司",2014-06-11,2017-12-15,"Private, ltd by shares"73,2107404,"CCA MANAGEMENT LIMITED (d2015-11-13)
中商航管理有限公司",2014-06-11,2015-11-13,"Private, ltd by shares"74,2107571,"CHA HA ER OVERSEAS FOUNDATION CO., LIMITED
察哈爾海外基金會有限公司",2014-06-11,2018-03-02,"Private, ltd by shares"75,2107414,"CHEERFIT EDUCATIONAL CONSULTANTS LIMITED
誠明教育顧問有限公司",2014-06-11,,"Private, ltd by shares"76,2107588,"Cheering Hope Company Limited
澤吉實業有限公司",2014-06-11,2018-03-02,"Private, ltd by shares"77,2107324,"Chengrui Technology Co., Limited
香港誠睿科技有限公司",2014-06-11,,"Private, ltd by shares"78,2107230,"CHEUK HANG INTERIOR DESIGN CO. LIMITED
卓衡室內設計有限公司",2014-06-11,,"Private, ltd by shares"79,2107383,"CHINA BIOLOGY MEDICINE TECHNOLOGY CO., LIMITED
中國生物醫藥科技有限公司",2014-06-11,,"Private, ltd by shares"80,2107610,"CHINA CITY INDUSTRY GROUP LIMITED
中國城市產業集團有限公司",2014-06-11,2018-03-02,"Private, ltd by shares"81,2107535,"China Healthy Resource Co., Limited
中國康源有限公司",2014-06-11,,"Private, ltd by shares"82,2107379,"CHINA LUXEM BOURG INTERNATIONAL HOLDINGS INVESTMENT GROUP CO., LIMITED
中國盧森堡國際控股投資集團有限公司",2014-06-11,,"Private, ltd by shares"83,2107641,"CHINA LUXURIOUS INT'L TRADE AND INVESTMENT GROUP CO., LIMITED
中國華貴國際貿易投資集團有限公司",2014-06-11,,"Private, ltd by shares"84,2107433,"China New Energy (HK) Int'l Group Development Limited
中國新能源(香港)國際集團發展有限公司",2014-06-11,,"Private, ltd by shares"85,2107243,"CHINA ROSE VALLEY LIMITED
中國玫瑰穀有限公司",2014-06-11,,"Private, ltd by shares"86,2107191,"China Warwick Investment Limited
中國華威投資有限公司",2014-06-11,2019-03-15,"Private, ltd by shares"87,2107247,"CHINA Y&amp;B VALVE GROUP HOLDINGS LIMITED
中國意本閥門集團控股有限公司",2014-06-11,2018-03-02,"Private, ltd by shares"88,2107415,"CHINA ZHONGJI VALVE GROUP LIMITED
中國中際閥門集團有限公司",2014-06-11,,"Private, ltd by shares"89,2107235,"ChinaRun Capital Limited
中嘉通資本有限公司",2014-06-11,,"Private, ltd by shares"90,2107637,"CHONGQING SENDA TECHNOLOGIES CO., LIMITED
重慶森大科技有限公司",2014-06-11,2019-03-15,"Private, ltd by shares"91,2107262,"CHUANGYI JIADIAN (HK) TRADE CO., LIMITED
創翼佳電(香港)貿易有限公司",2014-06-11,2018-03-02,"Private, ltd by shares"92,2107239,"CIRCLE MOBILE CO., LIMITED",2014-06-11,,"Private, ltd by shares"93,2107292,"CK PARTNERS INTERNATIONAL LIMITED",2014-06-11,,"Private, ltd by shares"94,2107286,"CLOU COMPANY LIMITED",2014-06-11,,"Private, ltd by shares"95,2107550,"CNOOD HONG KONG LIMITED
施璐德香港有限公司",2014-06-11,,"Private, ltd by shares"96,2107495,"Company Registration Number 2107495 Limited
公司註冊編號 2107495 有限公司",2014-06-11,,"Private, ltd by shares"97,2107209,"CORP SHARP (HK) LIMITED",2014-06-11,2016-07-08,"Private, ltd by shares"98,2107314,"COSBEAUTY TECHNOLOGY CO., LIMITED
可思美科技有限公司",2014-06-11,,"Private, ltd by shares"99,2107546,"CP Worldwide Investment Company Limited
卜蜂環球投資有限公司",2014-06-11,,"Private, ltd by shares"100,2107522,"CPI CHONGIA (HK) LIMITED
衝壓精密(香港)有限公司",2014-06-11,2018-03-02,"Private, ltd by shares"101,2107438,"Crazy Creation Food Co., Limited
瘋狂創意食品有限公司",2014-06-11,2018-04-27,"Private, ltd by shares"102,2107371,"CREATIVE OPTICAL LIMITED
創有限公司",2014-06-11,,"Private, ltd by shares"103,2107147,"CROSS STITCH INDUS LIMITED",2014-06-11,2017-06-02,"Private, ltd by shares"104,2107246,"Custom Solutions Limited (HK)",2014-06-11,,"Private, ltd by shares"105,2107175,"DAHAM HK LIMITED",2014-06-11,,"Private, ltd by shares"106,2107203,"DAO XIANG CUN (HONG KONG) FOOD LIMITED
稻香村(香港)食品有限公司",2014-06-11,2019-03-15,"Private, ltd by shares"107,2107350,"DELICA PLASTIC&amp;RUBBER CO., LIMITED
得利凱有限公司",2014-06-11,,"Private, ltd by shares"108,2107315,"DEMING GUOYI SOUND DEVELOPMENT LIMITED
德明國醫健康發展有限公司",2014-06-11,2018-03-02,"Private, ltd by shares"109,2107429,"DEXIN ACCESSORIES TRADING CO., LIMITED
德信飾品貿易有限公司",2014-06-11,2016-04-01,"Private, ltd by shares"110,2107149,"DIT TRADE (HONGKONG) LIMITED
和眾貿易(香港)有限公司",2014-06-11,2016-12-09,"Private, ltd by shares"111,2107434,"DMQ LIMITED (HK)",2014-06-11,2019-02-01,"Private, ltd by shares"112,2107382,"Dosito Limited",2014-06-11,,"Private, ltd by shares"113,2107573,"DREAM CAR INVESTMENT &amp; DEVELOPMENT LIMITED
夢車場投資發展有限公司",2014-06-11,2018-03-02,"Private, ltd by shares"114,2107467,"Duwell International Co., Limited
迪維國際有限公司",2014-06-11,,"Private, ltd by shares"115,2107515,"Dynastia D'oro Limited
黃金帝國有限公司",2014-06-11,2016-02-26,"Private, ltd by shares"116,2107325,"E-COUNTRY (HK) TECHNOLOGY CO., LIMITED
電子國度(香港)科技有限公司",2014-06-11,,"Private, ltd by shares"117,2107348,"EAD Consulting Limited",2014-06-11,2020-01-10,"Private, ltd by shares"118,2107240,"EAST HIGH PTY LIMITED (d2017-09-22)
美逸星貿易有限公司",2014-06-11,2017-09-22,"Private, ltd by shares"119,2107184,"EBRIDGES (HK) LIMITED",2014-06-11,,"Private, ltd by shares"120,2107321,"ECOGNOSIS ADVISORY COMPANY LIMITED",2014-06-11,,"Private, ltd by shares"121,2107476,"Edge Network Services Hong Kong Limited",2014-06-11,,"Private, ltd by shares"122,2107387,"ELHELALY EXPORT CO., LIMITED",2014-06-11,,"Private, ltd by shares"123,2107255,"Empower Marketing Limited (HK)",2014-06-11,,"Private, ltd by shares"124,2107633,"Enlightenment International Education Group Limited
英萊蒙托國際教育集團有限公司",2014-06-11,2016-10-28,"Private, ltd by shares"125,2107152,"EnWiTech Limited",2014-06-11,,"Private, ltd by shares"126,2107480,"Eternal Electric (Hong Kong) Limited
傳承永恆電氣(香港)有限公司",2014-06-11,2019-03-15,"Private, ltd by shares"127,2107174,"EVER BOOMING TRADING LIMITED",2014-06-11,2018-03-02,"Private, ltd by shares"128,2107137,"Excellent Healthcare Limited (HK)
優越專業護理有限公司",2014-06-11,2017-05-26,"Private, ltd by shares"129,2107259,"Execution Base Development Limited
實幹發展有限公司",2014-06-11,2016-01-08,"Private, ltd by shares"130,2107455,"F.R GROUP TRADING CO., LIMITED",2014-06-11,2018-03-02,"Private, ltd by shares"131,2107222,"Factory Direct Wholesale Limited",2014-06-11,,"Private, ltd by shares"132,2107636,"FAIR INDUSTRY (HK) LIMITED
友盛實業(香港)有限公司",2014-06-11,,"Private, ltd by shares"133,2107638,"FairMaid Limited",2014-06-11,,"Private, ltd by shares"134,2107554,"FAIRMAN CONSULTING LIMITED (HK)",2014-06-11,,"Private, ltd by shares"135,2107293,"Felix (China) Holding Co., Limited
菲力(中國)實業股份有限公司",2014-06-11,2019-03-15,"Private, ltd by shares"136,2107290,"FENGQI TRADE COMPANY LIMITED
豐企貿易有限公司",2014-06-11,,"Private, ltd by shares"137,2107516,"Fengyuan Holdings (H.K.) Limited
豐源控股(香港)有限公司",2014-06-11,,"Private, ltd by shares"138,2107216,"FILIA INTERNATIONAL TRADING CO., LIMITED
菲兒國際貿易有限公司",2014-06-11,,"Private, ltd by shares"139,2107483,"FIRE CURRENCY NETWORK CO., LIMITED
火幣網有限公司",2014-06-11,2016-12-23,"Private, ltd by shares"140,2107424,"FITTED OLEOCHEM INDUSTRY CO., LIMITED",2014-06-11,2017-10-20,"Private, ltd by shares"141,2107361,"FIVE STAR TIN BOX MANUFACTORY CO., LIMITED
五星制罐有限公司",2014-06-11,2018-03-02,"Private, ltd by shares"142,2107138,"Flourishing (H. K.) Co., Limited
富萊鑫(香港)有限公司",2014-06-11,2017-10-13,"Private, ltd by shares"143,2107470,"FOCUS ACCESSORY CO., LIMITED",2014-06-11,2020-10-23,"Private, ltd by shares"144,2107380,"Foodstep Limited (d2017-03-10)",2014-06-11,2017-03-10,"Private, ltd by shares"145,2107442,"FRANCE O'DAYMIU COSMETIC CO., LIMITED
法國歐日蜜語化妝品有限公司",2014-06-11,,"Private, ltd by shares"146,2107132,"Franck Siu Interior Design Co., Limited
法蘭蕭設計有限公司",2014-06-11,,"Private, ltd by shares"147,2107520,"FREE-LOOK (HK) FORTUNE CONSULTING MANAGEMENT LIMITED
福瑞隆康(香港)財富諮詢管理有限公司",2014-06-11,2018-03-02,"Private, ltd by shares"148,2107374,"FRENCH CAIJIA BUILDING MATERIALS LIMITED
法國彩家建材有限公司",2014-06-11,2018-03-02,"Private, ltd by shares"149,2107263,"FRENCH HERMRISA COSMETICS INTERNATIONAL CO., LIMITED
法國愛馬麗薩化妝品國際有限公司",2014-06-11,2015-09-04,"Private, ltd by shares"150,2107590,"Friendship Industrial Co., Limited (d2016-09-02)
香港沛潔實業有限公司",2014-06-11,2016-09-02,"Private, ltd by shares"151,2107158,"FRUTOU INDUSTRIAL INTERNATIONAL LIMITED
富濤實業國際有限公司",2014-06-11,2019-09-27,"Private, ltd by shares"152,2107574,"Fu Ka Engineering &amp; Construction Limited
富嘉建築工程有限公司",2014-06-11,,"Private, ltd by shares"153,2107502,"FULLTON (HK) LIMITED
富東(香港)有限公司",2014-06-11,,"Private, ltd by shares"154,2107596,"FUNZEAL (HK) INT'L TRADE CO., LIMITED
楓澤香港國際貿易有限公司",2014-06-11,,"Private, ltd by shares"155,2107250,"Fushide Trading Co., Limited
複仕德貿易有限公司",2014-06-11,,"Private, ltd by shares"156,2107627,"FUXIN HENGTONG FLUORINE CHEMICALS (HK) COMPANY LIMITED
阜新恒通氟化學(香港)有限公司",2014-06-11,,"Private, ltd by shares"157,2107369,"FUZHOU YUNYI HOME DECORATION CO., LIMITED
福州雲億家居用品有限公司",2014-06-11,2016-11-25,"Private, ltd by shares"158,2107593,"GALAXY MOTORCYCLE MANUFACTURING CO., LIMITED
蓋萊克斯摩托車製造有限公司",2014-06-11,,"Private, ltd by shares"159,2107386,"GANGJIE INTERNATIONAL TRANSPORTATION CO., LIMITED
港捷國際物流有限公司",2014-06-11,2016-11-11,"Private, ltd by shares"160,2107183,"GARMONY HOLDING COMPANY LIMITED",2014-06-11,2015-11-20,"Private, ltd by shares"161,2107308,"GELANRUI LIMITED
格蘭瑞有限公司",2014-06-11,2018-03-02,"Private, ltd by shares"162,2107217,"GENSHUO ELECTRONIC TECHNOLOGY HONG KONG LIMITED
根碩電子科技香港有限公司",2014-06-11,,"Private, ltd by shares"163,2107489,"GERMANY DECA GROUP CO., LIMITED
德國德卡集團有限公司",2014-06-11,,"Private, ltd by shares"164,2107297,"GET IT PACKED LIMITED",2014-06-11,2018-05-18,"Private, ltd by shares"165,2107565,"GIELISSEN DESIGN LIMITED",2014-06-11,2015-12-11,"Private, ltd by shares"166,2107339,"GIR LIMITED
恩活有限公司",2014-06-11,2017-12-15,"Private, ltd by shares"167,2107583,"GLOBAL ASIA TV (CHINA) LIMITED
環亞衛視(中國)股份有限公司",2014-06-11,2019-02-08,"Private, ltd by shares"168,2107425,"Global Exhibitions Limited (HK)
環球易貿會展有限公司",2014-06-11,,"Private, ltd by shares"169,2107288,"GLOBAL HUI TONG LIMITED
環球滙通有限公司",2014-06-11,,"Private, ltd by shares"170,2107281,"GLOBAL QUALITY PROGRAM TRADING CENTER LIMITED
全球優質項目交易中心有限公司",2014-06-11,2019-03-15,"Private, ltd by shares"171,2107267,"Global Resource Network Media Group Limited
全球資源網網絡傳媒集團有限公司",2014-06-11,,"Private, ltd by shares"172,2107208,"GLORY SKY STONE FACTORY LIMITED
浩天石廠有限公司",2014-06-11,,"Private, ltd by shares"173,2107241,"GNG Enterprise LIMITED (HK)
俊賢實業有限公司",2014-06-11,,"Private, ltd by shares"174,2107330,"Gold Hero Consultants Limited
浩藍顧問有限公司",2014-06-11,2015-12-18,"Private, ltd by shares"175,2107365,"GOLD SEEDS TRADING LIMITED
金種子商貿有限公司",2014-06-11,2019-03-15,"Private, ltd by shares"176,2107566,"GOLDEN ELITE HONG KONG GROUP CO., LIMITED",2014-06-11,,"Private, ltd by shares"177,2107163,"GOOD HARVEST INDUSTRIAL HONG KONG LIMITED
旭豐實業(香港)有限公司",2014-06-11,2019-01-25,"Private, ltd by shares"178,2107141,"GOODSENSE (HK) BEAUTY GROUP LIMITED
香港谷施美容集團有限公司",2014-06-11,,"Private, ltd by shares"179,2107268,"GOOKA DEVELOPMENT LIMITED
國凱發展有限公司",2014-06-11,2018-03-02,"Private, ltd by shares"180,2107460,"GRAND ALPHA CORPORATION LIMITED
嘉亞有限公司",2014-06-11,,"Private, ltd by shares"181,2107226,"GREAT ACE INVESTMENT HOLDINGS LIMITED
澤弘投資集團有限公司",2014-06-11,2016-03-18,"Private, ltd by shares"182,2107478,"Great Style Mobile Technology Limited
廣州啟創移動科技有限公司",2014-06-11,2020-11-06,"Private, ltd by shares"183,2107431,"GREEN BABY HK LIMITED
格林貝貝香港有限公司",2014-06-11,2017-02-03,"Private, ltd by shares"184,2107625,"GREENFOREST CENTURY CO., LIMITED
萬瑞世紀有限公司",2014-06-11,2019-04-12,"Private, ltd by shares"185,2107524,"GreenLive Holdings (HK) Limited",2014-06-11,,"Private, ltd by shares"186,2107148,"Haisheng Electronic Technology Co., Limited
海盛電子科技有限公司",2014-06-11,2016-01-29,"Private, ltd by shares"187,2107272,"Halacap Biotechnology Co., Limited
永合生物科技有限公司",2014-06-11,2017-06-02,"Private, ltd by shares"188,2107212,"HANG ALUMINUM INDUSTRIAL (HK) LIMITED
航鋁(香港)實業有限公司",2014-06-11,,"Private, ltd by shares"189,2107372,"HANG HEUNG SEAFOOD RESTAURANT (ROASTED GOOSE) LIMITED
恆香海鮮酒家(燒鵝專門店)有限公司",2014-06-11,,"Private, ltd by shares"190,2107316,"Hangzhou Fuyang Challenge Paper Co., Limited
杭州富陽勤傑紙張有限公司",2014-06-11,2016-10-28,"Private, ltd by shares"191,2107357,"HAOYE CRAFTS (HK) LIMITED
浩業工藝(香港)有限公司",2014-06-11,,"Private, ltd by shares"192,2107410,"Harbour Fest Catering Group Limited
維港滙飲食集團有限公司",2014-06-11,2018-03-02,"Private, ltd by shares"193,2107443,"Harway International Co., Limited
哈維國際有限公司",2014-06-11,2018-03-02,"Private, ltd by shares"194,2107560,"HB FINANCES LIMITED",2014-06-11,,"Private, ltd by shares"195,2107605,"HELA LIMITED",2014-06-11,,"Private, ltd by shares"196,2107176,"HERMESEXPO INTERNATIONAL TRADING CO., LIMITED
和信四方(國際)貿易有限公司",2014-06-11,,"Private, ltd by shares"197,2107375,"HIGHWAY WORDWIDE COMPANY LIMITED",2014-06-11,,"Private, ltd by shares"198,2107384,"HK CHINESE BIOLOGICAL SEARCH DEVELOPMENT LIMITED
香港中華生物研發有限公司",2014-06-11,2018-03-02,"Private, ltd by shares"199,2107306,"HK CHUANGLI INVESTMENT COMPANY LIMITED
香港創利投資有限公司",2014-06-11,,"Private, ltd by shares"200,2107153,"HK DRAGON MARINE CO., LIMITED
香港龍泰海產有限公司",2014-06-11,2015-12-04,"Private, ltd by shares"201,2107296,"HK DYANMIC LIMITED
香港富銘有限公司",2014-06-11,,"Private, ltd by shares"202,2107595,"HK FENLONG INTERNATIONAL TRADING CO., LIMITED
香港奮龍國際貿易有限公司",2014-06-11,2018-03-02,"Private, ltd by shares"203,2107376,"HK FUN SOURCE FOOD LIMITED
香港趣之源食品有限公司",2014-06-11,,"Private, ltd by shares"204,2107206,"HK Green Shuo Optoelectronic Technology Co., Limited
香港綠爍光電科技有限公司",2014-06-11,,"Private, ltd by shares"205,2107523,"HK HAOFENG GROUP LIMITED
香港浩豐集團有限公司",2014-06-11,,"Private, ltd by shares"206,2107342,"HK HAOLI TRADE COMPANY LIMITED
香港好利貿易有限公司",2014-06-11,,"Private, ltd by shares"207,2107301,"HK HAORONG INTERNATIONAL COSMETICS CO., LIMITED
香港浩榮國際化妝品有限公司",2014-06-11,2019-03-15,"Private, ltd by shares"208,2107266,"HK HENG FENG INTERNATIONAL TRADE CO., LIMITED
香港恒豐國際進出口貿易有限公司",2014-06-11,2019-03-15,"Private, ltd by shares"209,2107155,"HK HUANGDA INTERNATIONAL TRADING CO., LIMITED
香港煌達國際貿易有限公司",2014-06-11,2017-11-10,"Private, ltd by shares"210,2107172,"HK HUASHENG INT'L INVESTMENT LIMITED
香港華勝國際投資有限公司",2014-06-11,2018-03-02,"Private, ltd by shares"211,2107389,"HK HUIXIN INVESTMENT LIMITED
香港匯心投資有限公司",2014-06-11,2019-03-15,"Private, ltd by shares"212,2107332,"HK JIANBANG INTERNATIONAL DECORATE GROUP LIMITED
香港建邦國際裝飾集團有限公司",2014-06-11,2018-03-02,"Private, ltd by shares"213,2107500,"HK SHUK CHAT TRADING COMPANY LIMITED
香港瑞責汽車零部件有限公司",2014-06-11,2018-03-02,"Private, ltd by shares"214,2107474,"HK THREE BEAR FOOD LIMITED (d2018-03-02)
香港三只小熊食品有限公司",2014-06-11,2018-03-02,"Private, ltd by shares"215,2107173,"HK TITING HIGH TECHNOLOGY INT'L LIMITED
香港啼聽高科國際有限公司",2014-06-11,2018-03-02,"Private, ltd by shares"216,2107214,"HK WEIHUA HOSIERY LIMITED
香港威華針織品有限公司",2014-06-11,2020-04-29,"Private, ltd by shares"217,2107291,"HK XIAOPIN FINERY CO., LIMITED
香港肖品服飾有限公司",2014-06-11,2018-03-02,"Private, ltd by shares"218,2107319,"HK XIERUILIN JEWELLERY LIMITED
香港謝瑞麒珠寶有限公司",2014-06-11,2018-03-02,"Private, ltd by shares"219,2107506,"HK Yomay International Trade Co., Limited
香港耀美國際貿易有限公司",2014-06-11,2018-03-02,"Private, ltd by shares"220,2107603,"HK ZHONGPENG ELECTRONICS LIMITED
香港中鵬電子有限公司",2014-06-11,,"Private, ltd by shares"221,2107285,"HK ZQCL INDUSTRIAL CO., LIMITED
香港正乾長隆實業有限公司",2014-06-11,2019-03-15,"Private, ltd by shares"222,2107400,"HLT Supply Chain Co., Limited
宏聯泰香港供應鏈有限公司",2014-06-11,,"Private, ltd by shares"223,2107447,"HM Import And Export Co., Limited",2014-06-11,2020-09-04,"Private, ltd by shares"224,2107354,"Hogle Technology Co., Limited
深圳市浩格科技有限公司",2014-06-11,2018-03-02,"Private, ltd by shares"225,2107131,"HOLY WISDOM INVESTMENT CONSULTANT CO., LIMITED
聖慧投資管理有限公司",2014-06-11,2019-03-15,"Private, ltd by shares"226,2107257,"Homy Electronic Co., Limited
合美電子有限公司",2014-06-11,2017-12-29,"Private, ltd by shares"227,2107395,"Honeycomb Corporation (HongKong) Limited
漢尼康商事有限公司",2014-06-11,2019-07-12,"Private, ltd by shares"228,2107136,"HONG KONG BILLION SAFE LIMITED
香港億穩有限公司",2014-06-11,2019-02-08,"Private, ltd by shares"229,2107313,"HONG KONG BOCHUANG SHENGSHI CULTURE DEVELOPMENT CO., LIMITED
香港博創盛世文化發展有限公司",2014-06-11,2019-11-08,"Private, ltd by shares"230,2107142,"HONG KONG FENG TAI LI CO., LIMITED
香港豐泰利有限公司",2014-06-11,2015-12-11,"Private, ltd by shares"231,2107568,"Hong Kong GiiNii Photoelectric Co., Limited
香港金霓光電有限公司",2014-06-11,,"Private, ltd by shares"232,2107591,"HONG KONG GOLDEN BEST TRADE LIMITED
香港金城貿易有限公司",2014-06-11,,"Private, ltd by shares"233,2107200,"HONG KONG HUANMEI INTERNATIONAL MEDICAL CAREER GROUP LIMITED
香港還美國際醫療事業集團有限公司",2014-06-11,2018-03-02,"Private, ltd by shares"234,2107199,"HONG KONG HUIDAFULL GROUP LIMITED
香港匯達豐集團有限公司",2014-06-11,2016-06-10,"Private, ltd by shares"235,2107202,"HONG KONG HUIXINNUO TRADING LIMITED
香港匯鑫諾貿易有限公司",2014-06-11,2018-03-02,"Private, ltd by shares"236,2107150,"HONG KONG JINHUIYUAN TRADING LIMITED
香港金匯源貿易有限公司",2014-06-11,2018-03-02,"Private, ltd by shares"237,2107331,"HONG KONG JINXINYUAN INVESTMENT HOLDINGS CO., LIMITED
香港金信源投資股份有限公司",2014-06-11,2018-03-02,"Private, ltd by shares"238,2107564,"Hong Kong Muxiao Industry and Trade Co., Limited
香港穆曉工貿有限公司",2014-06-11,,"Private, ltd by shares"239,2107614,"HONG KONG OVS LIMITED",2014-06-11,,"Private, ltd by shares"240,2107322,"HONG KONG ROYAL INTERNATIONAL IMAGE BRAND MANAGEMENT CO., LIMITED
香港皇家國際形象品牌管理有限公司",2014-06-11,,"Private, ltd by shares"241,2107620,"Hong Kong Runlan International Co., Limited
香港潤瀾國際有限公司",2014-06-11,2019-08-30,"Private, ltd by shares"242,2107409,"HONG KONG SAN HUI INTERNATIONAL BRAND MANAGEMENT CO., LIMITED
香港聖匯國際品牌管理有限公司",2014-06-11,,"Private, ltd by shares"243,2107635,"HONG KONG SAN NONG GROUP COMPANY LIMITED
香港三農集團有限公司",2014-06-11,,"Private, ltd by shares"244,2107170,"HONG KONG TIAN LONG DA BUSINESS CO., LIMITED
香港天隆達商貿有限公司",2014-06-11,2018-03-02,"Private, ltd by shares"245,2107234,"HONG KONG WAITAI INTERNATIONAL CO., LIMITED
香港偉泰國際有限公司",2014-06-11,,"Private, ltd by shares"246,2107427,"HONG KONG WANLI INTERNATIONAL GROUP DEVELOPMENT CO., LIMITED
香港萬里國際集團發展有限公司",2014-06-11,,"Private, ltd by shares"247,2107204,"HONG KONG YIKHUI TRADING LIMITED
香港億輝貿易有限公司",2014-06-11,2018-03-02,"Private, ltd by shares"248,2107167,"HONG KONG YU XIANG INDUSTRIAL LIMITED
香港裕祥實業有限公司",2014-06-11,,"Private, ltd by shares"249,2107388,"Hong Kong Zhong Run Shipping Service Limited
香港中潤船務有限公司",2014-06-11,,"Private, ltd by shares"250,2107323,"HONGKONG CINAFINDEV LIMITED
香港新奈發有限公司",2014-06-11,2018-03-02,"Private, ltd by shares"251,2107600,"HongKong Dai Sheung (International) Company Limited
香港大象(國際)有限公司",2014-06-11,2018-04-27,"Private, ltd by shares"252,2107344,"HONGKONG DANRICH HOME DECOR CO., LIMITED
香港丹瑞斯家居飾品有限公司",2014-06-11,2018-09-28,"Private, ltd by shares"253,2107399,"HongKong Dennis Investment Management Limited
香港丹尼斯投資管理有限公司",2014-06-11,2018-03-02,"Private, ltd by shares"254,2107440,"HONGKONG EVERGLORY INTERNATIONAL FORWARDING CO., LIMITED
香港成隆國際貨運代理有限公司",2014-06-11,,"Private, ltd by shares"255,2107481,"HONGKONG EXCELLENCE INTERNATIONAL FINANCIAL GROUP CO., LIMITED
香港焯越國際金融集團有限公司",2014-06-11,2019-03-15,"Private, ltd by shares"256,2107494,"HONGKONG HAIPU INTERNATIONAL CO., LIMITED
香港海普國際有限公司",2014-06-11,2020-01-31,"Private, ltd by shares"257,2107196,"HONGKONG HEHUI DEVELOPMENT LIMITED
香港合輝發展有限公司",2014-06-11,2019-03-15,"Private, ltd by shares"258,2107579,"HONGKONG HONGHUA GROUP CO., LIMITED
香港鴻華集團有限公司",2014-06-11,,"Private, ltd by shares"259,2107453,"HONGKONG HUARENTANG HEALTH INDUSTRY INVESTMENT GROUP LIMITED
香港華仁堂健康產業投資集團有限公司",2014-06-11,2020-04-29,"Private, ltd by shares"260,2107124,"HONGKONG IDUNN INDUSTRIAL GROUP LIMITED
香港宜度實業集團有限公司",2014-06-11,,"Private, ltd by shares"261,2107157,"HONGKONG IMPRESSION OF SPACE DESIGN CONSULTANTS LIMITED
香港空間印象設計顧問有限公司",2014-06-11,2018-03-02,"Private, ltd by shares"262,2107405,"Hongkong International BeautyMax Co., Limited
香港美麗媽媽國際有限公司",2014-06-11,,"Private, ltd by shares"263,2107164,"HONGKONG JINDEFU INT'L GROUP LIMITED
香港金德福國際集團有限公司",2014-06-11,,"Private, ltd by shares"264,2107260,"HONGKONG JUNKAI PRECISION MOLDS LIMITED
香港駿鎧精密模具有限公司",2014-06-11,,"Private, ltd by shares"265,2107189,"HONGKONG JUXINCHUN CATERING MANAGEMENT LIMITED
香港聚新春餐飲管理有限公司",2014-06-11,2019-03-15,"Private, ltd by shares"266,2107133,"Hongkong KangXun Technology Development Co., Limited
香港康勳科技開發有限公司",2014-06-11,,"Private, ltd by shares"267,2107169,"HONGKONG KUMEISI SHOES INDUSTRY LIMITED
香港酷美斯鞋業有限公司",2014-06-11,2019-03-15,"Private, ltd by shares"268,2107531,"HONGKONG PUJIN INTERNATIONAL COSMETIC CO., LIMITED
香港蒲金國際化妝品有限公司",2014-06-11,,"Private, ltd by shares"269,2107486,"HONGKONG SHANGFENG TRADING CO., LIMITED
香港尚豐貿易有限公司",2014-06-11,,"Private, ltd by shares"270,2107411,"HONGKONG TUNG SHENG TRADING LIMITED
香港通晟貿易有限公司",2014-06-11,2018-03-02,"Private, ltd by shares"271,2107143,"HongKong U-CONTROL Electric Co., Limited
香港優控電氣有限公司",2014-06-11,,"Private, ltd by shares"272,2107248,"HONGKONG XINGHANG INDUSTRY LIMITED
香港興航實業有限公司",2014-06-11,,"Private, ltd by shares"273,2107527,"HONGKONG YUHUA JEWELRY LIMITED
香港煜華首飾有限公司",2014-06-11,,"Private, ltd by shares"274,2107126,"HONGKONG ZHIHUI INDUSTRY CO., LIMITED
香港智輝實業有限公司",2014-06-11,,"Private, ltd by shares"275,2107464,"Hongkong Zhongyi Shoes Co., Limited
香港中意鞋業有限公司",2014-06-11,,"Private, ltd by shares"276,2107328,"HONGTIANXIANG TECHNOLOGY LIMITED
宏天祥科技有限公司",2014-06-11,2020-04-29,"Private, ltd by shares"277,2107390,"HOUSE OF MARINAS LIMITED
海金會有限公司",2014-06-11,,"Private, ltd by shares"278,2107171,"HTX ENTERPRISE CO., LIMITED
鴻太鑫企業(香港)有限公司",2014-06-11,2020-04-29,"Private, ltd by shares"279,2107367,"Hua Hon Trading Hong Kong Limited
華弘貿易香港有限公司",2014-06-11,,"Private, ltd by shares"280,2107439,"HUALITONG INDUSTRIAL CO., LIMITED
華利通實業有限公司",2014-06-11,2018-03-02,"Private, ltd by shares"281,2107178,"HUASI GLOBAL TRADING LIMITED
華斯環球貿易有限公司",2014-06-11,2018-08-03,"Private, ltd by shares"282,2107122,"HUI TONG (HONG KONG) INDUSTRY CO., LIMITED
滙通(香港)工貿有限公司",2014-06-11,2019-03-15,"Private, ltd by shares"283,2107456,"HUIYUAN HK TRADING COMPANY LIMITED
匯源香港貿易有限公司",2014-06-11,2019-04-04,"Private, ltd by shares"284,2107473,"Huizhi General Technology Company Limited
滙智通用技術有限公司",2014-06-11,,"Private, ltd by shares"285,2107220,"Hundred Happy Villa Limited",2014-06-11,2019-03-15,"Private, ltd by shares"286,2107563,"Hyperion Strategic Holdings Limited
甲木策略控股有限公司",2014-06-11,,"Private, ltd by shares"287,2107479,"HZ CAPITAL LIMITED",2014-06-11,,"Private, ltd by shares"288,2107647,"ICRIS:2107647 (no English name)
香港大唐藥王中醫保健藥品(國際)有限公司",2014-06-11,2019-02-08,"Private, ltd by shares"289,2107128,"IGUACU (HONGKONG) HOLDING GROUP CO., LIMITED
伊瓜蘇(香港)控股集團有限公司",2014-06-11,,"Private, ltd by shares"290,2107611,"INLIGHTERS CO., LIMITED
螢之光有限公司",2014-06-11,2018-02-02,"Private, ltd by shares"291,2107349,"INSIGMA HIGH TECH IMPORT AND EXPORT LIMITED
鑫網科技進出口有限公司",2014-06-11,,"Private, ltd by shares"292,2107277,"INTERNATIONAL EXTENICS RESEARCH INSTITUTE LIMITED
國際可拓學研究院有限公司",2014-06-11,,"Private, ltd by shares"293,2107646,"INTERNATIONAL PROPERTY SOLUTIONS LIMITED",2014-06-11,,"Private, ltd by shares"294,2107553,"INTERNICS CORPORATION HK LIMITED",2014-06-11,2018-01-19,"Private, ltd by shares"295,2107526,"INYIN INTERNATIONAL RESOURCE GROUP LIMITED
瑩圓國際資源集團有限公司",2014-06-11,2019-03-15,"Private, ltd by shares"296,2107422,"IREACH (HONG KONG) INTERNATIONAL EDUCATION GROUP COMPANY LIMITED
安瑞祺(香港)國際教育集團有限公司",2014-06-11,,"Private, ltd by shares"297,2107225,"J J KIDS WORLD COMPANY LIMITED
樂寶寶有限公司",2014-06-11,,"Private, ltd by shares"298,2107353,"J.D.S Design Engineering Co., Limited",2014-06-11,,"Private, ltd by shares"299,2107417,"JCEX INTERNATIONAL LOGISTICS (H.K.) LIMITED
佳成國際物流(香港)有限公司",2014-06-11,,"Private, ltd by shares"300,2107597,"Jeeone International Holdings Limited
聚旺國際控股有限公司",2014-06-11,,"Private, ltd by shares"301,2107528,"Jia Qi CSIM Limited
嘉企熙嘉有限公司",2014-06-11,,"Private, ltd by shares"302,2107538,"JIANGSU WAYBANG IMPORT &amp; EXPORT CO., LIMITED
江蘇偉邦進出口有限公司",2014-06-11,2019-03-15,"Private, ltd by shares"303,2107278,"JIELONG INTERNATIONAL (HONGKONG) CO., LIMITED
捷隆國際(香港)有限公司",2014-06-11,2018-02-09,"Private, ltd by shares"304,2107484,"JieXin Mita Electronic Tech (HK) Limited
香港傑鑫美達電子科技有限公司",2014-06-11,,"Private, ltd by shares"305,2107381,"JIN BAOYING MACHINERY EQUIPMENT CO., LIMITED
金寶盈機械設備有限公司",2014-06-11,,"Private, ltd by shares"306,2107629,"JINFEI NTERNATIONAL TRADE CO., LIMITED
金菲國際貿易有限公司",2014-06-11,2018-09-21,"Private, ltd by shares"307,2107613,"JINGFENG (HONG KONG) LIMITED
京豐（香港）有限公司",2014-06-11,2018-11-16,"Private, ltd by shares"308,2107309,"JO WORLD LIMITED",2014-06-11,2019-03-15,"Private, ltd by shares"309,2107562,"JOE SON ENGINEERING COMPANY LIMITED
祖晨工程有限公司",2014-06-11,,"Private, ltd by shares"310,2107310,"JOHARI GEMS &amp; TOOLS CO. LIMITED",2014-06-11,,"Private, ltd by shares"311,2107256,"Joint Interior Design Limited
三聯室內設計有限公司",2014-06-11,,"Private, ltd by shares"312,2107337,"JOINWE TRADING LIMITED
皓廸貿易有限公司",2014-06-11,2015-07-24,"Private, ltd by shares"313,2107612,"JOY PROFIT INTERNATIONAL (ASIA) LIMITED
怡利國際(亞洲)有限公司",2014-06-11,,"Private, ltd by shares"314,2107618,"JUNDOT HOLDING CO., LIMITED
景都控股有限公司",2014-06-11,,"Private, ltd by shares"315,2107601,"KANGEN WATER CHARITY FOUNDATION LIMITED
還原水慈善基金有限公司",2014-06-11,,"Ltd by guarantee"316,2107358,"KARRY GROUP CO., LIMITED
凱瑞集團有限公司",2014-06-11,2018-09-21,"Private, ltd by shares"317,2107482,"KEE CHUN LIMITED
騏駿有限公司",2014-06-11,,"Private, ltd by shares"318,2107617,"KEEN CREDIT COMPANY LIMITED
健貸財務有限公司",2014-06-11,2016-02-12,"Private, ltd by shares"319,2107271,"Kelapa Crest Limited",2014-06-11,,"Private, ltd by shares"320,2107645,"Keung's Dragon &amp; Lion Dance Team Co. Limited
姜氏金龍醒獅團有限公司",2014-06-11,,"Private, ltd by shares"321,2107213,"KEWAY ELECTROMECHANICAL EQUIPMENT CO., LIMITED
深圳市科為氣動液壓有限公司",2014-06-11,2018-03-02,"Private, ltd by shares"322,2107228,"KIBI IMPORT &amp; EXPORT LIMITED
凱鑫進出口有限公司",2014-06-11,,"Private, ltd by shares"323,2107570,"Kindliness Company Limited
善真堂有限公司",2014-06-11,,"Private, ltd by shares"324,2107450,"KINDMAN INC LIMITED
順仁有限公司",2014-06-11,,"Private, ltd by shares"325,2107462,"KING STRONG INC LIMITED
錦強有限公司",2014-06-11,2015-11-20,"Private, ltd by shares"326,2107533,"KITACO DEVELOPMENT CONSULTANTS (H.K.) LIMITED",2014-06-11,2020-01-10,"Private, ltd by shares"327,2107540,"Krigler HK Limited",2014-06-11,,"Private, ltd by shares"328,2107441,"L&amp;G.T Limited",2014-06-11,,"Private, ltd by shares"329,2107273,"LANRUN INT'L CORPORATION (HK) LIMITED
瀾潤國際(香港)有限公司",2014-06-11,2017-10-20,"Private, ltd by shares"330,2107391,"LASKAR GLOBAL INVESTMENT LIMITED
拉斯卡環球投資有限公司",2014-06-11,2018-03-02,"Private, ltd by shares"331,2107537,"LAUNCESTON ENTERPRISE CO., LIMITED
朗斯頓企業股份有限公司",2014-06-11,,"Private, ltd by shares"332,2107487,"Learning Tech Asia Limited",2014-06-11,2019-03-15,"Private, ltd by shares"333,2107317,"LEE KIN ENGINEERING LIMITED
利堅冷氣系統工程有限公司",2014-06-11,,"Private, ltd by shares"334,2107630,"LENOPAN LIMITED",2014-06-11,2018-06-08,"Private, ltd by shares"335,2107530,"Les p'tites muses Limited",2014-06-11,2020-04-29,"Private, ltd by shares"336,2107360,"LI GEN INT'L HK TRADING LIMITED
里根國際香港貿易有限公司",2014-06-11,2015-11-27,"Private, ltd by shares"337,2107329,"LIANDA GROUP CO., LIMITED
聯達集團有限公司",2014-06-11,,"Private, ltd by shares"338,2107492,"Liangjiang Development (HKSAR) Limited",2014-06-11,,"Private, ltd by shares"339,2107545,"Libii Girls Game Studio Limited",2014-06-11,,"Private, ltd by shares"340,2107397,"Liebao International bodyguard (China) Co., Limited
獵豹國際保鏢(中國)有限公司",2014-06-11,,"Private, ltd by shares"341,2107544,"Life Skills Foundation Limited",2014-06-11,,"Private, ltd by shares"342,2107609,"Lime and Orange Limited",2014-06-11,,"Private, ltd by shares"343,2107396,"Lin Ming Electronic (Hong Kong) Limited
霖明電子(香港)有限公司",2014-06-11,2018-03-02,"Private, ltd by shares"344,2107401,"LING'S LIGHTING LIMITED
凌生照明有限公司",2014-06-11,2019-03-15,"Private, ltd by shares"345,2107195,"LINKK AFRIQUE TRADING COMPANY LIMITED",2014-06-11,2018-03-02,"Private, ltd by shares"346,2107582,"LITTLE STAR EDUCATION &amp; CULTURAL LIMITED
明日星教育及文化有限公司",2014-06-11,2019-03-15,"Private, ltd by shares"347,2107156,"Liucheng Holding Company Limited",2014-06-11,2017-03-10,"Private, ltd by shares"348,2107346,"LLEDO LIGHTING HK LIMITED",2014-06-11,2019-07-26,"Private, ltd by shares"349,2107584,"LOK YEE TRANSPORT AND LOGISTICS LIMITED
樂義運輸有限公司",2014-06-11,2019-03-15,"Private, ltd by shares"350,2107504,"LONG TRADE LIMITED (d2018-12-14)
弘茂有限公司",2014-06-11,2018-12-14,"Private, ltd by shares"351,2107632,"Lookchic Global Limited",2014-06-11,2020-05-29,"Private, ltd by shares"352,2107640,"LUBORIN PETROLEUM TECHNOLOGY &amp; SCIENCE (HONGKONG) CO., LIMITED
香港陸博潤石油科技有限公司",2014-06-11,2019-03-15,"Private, ltd by shares"353,2107444,"Luen Hing (HK) International Group Co., Limited
聯慶(國際)集團有限公司",2014-06-11,2019-03-15,"Private, ltd by shares"354,2107549,"Lutheran (Hongkong) International Mining Machinery Co., Limited
路德(香港)國際礦用機械有限公司",2014-06-11,2018-03-02,"Private, ltd by shares"355,2107373,"M&amp;S ACCESSORY CO., LIMITED",2014-06-11,,"Private, ltd by shares"356,2107140,"MANGA LED LIGHTING CO., LIMITED
萬佳照明有限公司",2014-06-11,,"Private, ltd by shares"357,2107192,"Manli China Limited
漫力(中國)有限公司",2014-06-11,2017-11-17,"Private, ltd by shares"358,2107498,"MAPLE LIQUIDITY SOLUTIONS LIMITED",2014-06-11,2018-03-02,"Private, ltd by shares"359,2107519,"MAX BILLION ELECTRONIC (HONG KONG) LIMITED
盛億電子(香港)有限公司",2014-06-11,2015-12-11,"Private, ltd by shares"360,2107518,"Max Mobelt China Limited",2014-06-11,2016-11-25,"Private, ltd by shares"361,2107426,"Maxwell &amp; ESK LIMITED",2014-06-11,2018-07-06,"Private, ltd by shares"362,2107187,"MAYGEE INDUSTRY HONGKONG CO., LIMITED
美佶實業香港有限公司",2014-06-11,,"Private, ltd by shares"363,2107559,"MCS MANAGEMENT SERVICES LIMITED",2014-06-11,2018-02-02,"Private, ltd by shares"364,2107236,"MEILAIQUAN INTERNATIONAL LIMITED
美萊泉國際有限公司",2014-06-11,,"Private, ltd by shares"365,2107279,"MFT (HONG KONG) INTERNATIONAL CO., LIMITED
木豐達(香港)國際有限公司",2014-06-11,2018-03-02,"Private, ltd by shares"366,2107631,"MICRON TRADING (HK) LIMITED",2014-06-11,,"Private, ltd by shares"367,2107368,"MIDHEAVEN HAOYUE (HK) LIMITED
中天皓悅(香港)有限公司",2014-06-11,2019-06-28,"Private, ltd by shares"368,2107120,"MODERN INTERNATIONAL GROUP LIMITED (d2019-03-15)",2014-06-11,2019-03-15,"Private, ltd by shares"369,2107207,"Mogen Xin Tong Investment Holding Group Limited
摩根信通投資控股集團有限公司",2014-06-11,,"Private, ltd by shares"370,2107622,"MONG GING INTERNATIONAL TRADING LIMITED
望京國際貿易有限公司",2014-06-11,,"Private, ltd by shares"371,2107543,"Morphis Limited (HK)",2014-06-11,,"Private, ltd by shares"372,2107430,"MOSTEN CONSTRUCTION COMPANY LIMITED
騖騰建築有限公司",2014-06-11,,"Private, ltd by shares"373,2107615,"MOYANG SUNGLASSES CO., LIMITED
墨陽太陽鏡有限公司",2014-06-11,,"Private, ltd by shares"374,2107343,"MR. KOREA BBQ LIMITED",2014-06-11,,"Private, ltd by shares"375,2107499,"MULTI STAR (HK) LIMITED
百星(香港)有限公司",2014-06-11,,"Private, ltd by shares"376,2107121,"NADEPUO INTERNATIONAL GROUP LIMITED",2014-06-11,2018-03-02,"Private, ltd by shares"377,2107536,"NAMSON CULTURAL SPREAD LIMITED
南山文化傳播有限公司",2014-06-11,2016-06-10,"Private, ltd by shares"378,2107485,"Nantong Development (HKSAR) Limited",2014-06-11,,"Private, ltd by shares"379,2107634,"Natural Wisdom (HK) Limited
納維斯頓(香港)有限公司",2014-06-11,2018-01-26,"Private, ltd by shares"380,2107299,"NEW CONCEPT (HK) DECORATION DESIGN ENGINEERING LIMITED
新概念(香港)裝飾設計工程有限公司",2014-06-11,2016-06-03,"Private, ltd by shares"381,2107231,"NEWSTAR FOR WATCH&amp;CLOCK ENTERPRISES LIMITED",2014-06-11,2018-09-21,"Private, ltd by shares"382,2107305,"NINGBO ZHENG MAO LOGISTICS CO., LIMITED
寧波正茂貨運代理有限公司",2014-06-11,2015-12-18,"Private, ltd by shares"383,2107345,"NXING TRADING LIMITED
寧信貿易有限公司",2014-06-11,2018-03-02,"Private, ltd by shares"384,2107643,"OasyAds International Amusement (Hong Kong) Limited
零距離國際（香港）遊樂股份有限公司",2014-06-11,2016-04-15,"Private, ltd by shares"385,2107269,"OCEANAIR ELECTRONIC LIMITED
海天電子實業有限公司",2014-06-11,,"Private, ltd by shares"386,2107418,"Olive Source Co., Limited
橄欖源有限公司",2014-06-11,,"Private, ltd by shares"387,2107161,"OliveTreeHK Limited",2014-06-11,,"Private, ltd by shares"388,2107123,"Optimal Electronics Limited",2014-06-11,,"Private, ltd by shares"389,2107227,"Orient Arts (HK) Co., Limited",2014-06-11,2017-11-03,"Private, ltd by shares"390,2107233,"Owp Service Limited",2014-06-11,2017-11-24,"Private, ltd by shares"391,2107490,"OYOU VOYAGE LIMITED",2014-06-11,2019-03-15,"Private, ltd by shares"392,2107639,"P2P LOAN LIMITED
點對點貸款有限公司",2014-06-11,2019-11-29,"Private, ltd by shares"393,2107270,"PACIFIC ART PUBLISHING HOUSE LIMITED
亞太藝術出版社有限公司",2014-06-11,,"Private, ltd by shares"394,2107606,"Page International Limited (HK)",2014-06-11,,"Private, ltd by shares"395,2107302,"Paper Dragon Co., Limited",2014-06-11,2019-03-15,"Private, ltd by shares"396,2107179,"PARAGUAYBOX LIMITED",2014-06-11,,"Private, ltd by shares"397,2107419,"PELSON (GERMANY) CHUGUI FURNITURE CO., LIMITED
湃爾森(德國)櫥櫃傢俱有限公司",2014-06-11,2018-03-02,"Private, ltd by shares"398,2107197,"PERMANENT WILL TECHNOLOGY LIMITED
恒毅科技有限公司",2014-06-11,,"Private, ltd by shares"399,2107223,"PERO TRADING INTERNATIONAL LIMITED",2014-06-11,2016-12-30,"Private, ltd by shares"400,2107300,"PO WETCHY INTERNATIONAL HOLDING LIMITED
寶威潔國際控股有限公司",2014-06-11,,"Private, ltd by shares"401,2107529,"PONGMING ELECTRONICS (HK) CO., LIMITED
邦銘電子(香港)有限公司",2014-06-11,2016-04-29,"Private, ltd by shares"402,2107534,"PONGTING ELECTRONICS (HK) CO., LIMITED
邦鼎電子(香港)有限公司",2014-06-11,2016-04-29,"Private, ltd by shares"403,2107558,"POP SOURCE INTERNATIONAL LIMITED",2014-06-11,,"Private, ltd by shares"404,2107459,"Price Entropy Limited
普霖貿易有限公司",2014-06-11,,"Private, ltd by shares"405,2107471,"Progression International Limited",2014-06-11,,"Private, ltd by shares"406,2107221,"PROINVEST TRADING LIMITED
錦盛貿易實業有限公司",2014-06-11,,"Private, ltd by shares"407,2107420,"PROSUB TECHNOLOGY CO., LIMITED
香港金卓實業有限公司",2014-06-11,,"Private, ltd by shares"408,2107366,"PROTEK AUTOMATION (HK) LIMITED
普太克自動化(香港)有限公司",2014-06-11,,"Private, ltd by shares"409,2107190,"PURE-CHEM COMPANY LIMITED",2014-06-11,2019-03-15,"Private, ltd by shares"410,2107311,"Pureda Resources (Hong Kong) Limited
普瑞達資源(香港)有限公司",2014-06-11,2016-04-22,"Private, ltd by shares"411,2107165,"Q GOURMET LIMITED",2014-06-11,,"Private, ltd by shares"412,2107488,"QA Professional Limited",2014-06-11,2019-03-15,"Private, ltd by shares"413,2107517,"QILIN PHARMACEUTICAL (HK) COMPANY LIMITED
麒麟藥業(香港)有限公司",2014-06-11,,"Private, ltd by shares"414,2107193,"QINGDAO DLF MACHINERY CO., LIMITED",2014-06-11,2019-07-05,"Private, ltd by shares"415,2107327,"Quantstellation Draco Limited",2014-06-11,2018-02-15,"Private, ltd by shares"416,2107180,"RAYCAN ASIA (HK) LIMITED
輻馳亞洲(香港)有限公司",2014-06-11,2016-02-19,"Private, ltd by shares"417,2107398,"RCD LCS TOUR LIMITED
榮昌達香港有限公司",2014-06-11,2015-11-06,"Private, ltd by shares"418,2107525,"Rebbechi Co., Limited
利貝奇有限公司",2014-06-11,2015-09-11,"Private, ltd by shares"419,2107341,"RICHLY PROPERTIES LIMITED
新北江地產有限公司",2014-06-11,,"Private, ltd by shares"420,2107505,"RIGHT STAR INTERNATIONAL (HK) LIMITED
威星國際(香港)有限公司",2014-06-11,,"Private, ltd by shares"421,2107621,"RISE HIGH TRADING LIMITED
步步高升貿易有限公司",2014-06-11,2019-03-15,"Private, ltd by shares"422,2107162,"RUBSTONE RESOURCES LIMITED
砥石資源有限公司",2014-06-11,,"Private, ltd by shares"423,2107340,"Rui Heng Sheng Hardware Products Co., Limited
瑞恒盛五金製品有限公司",2014-06-11,,"Private, ltd by shares"424,2107145,"RUILUJIN LIMITED
瑞祿進有限公司",2014-06-11,,"Private, ltd by shares"425,2107159,"SB INTERNATIONAL LIFESTYLE LIMITED
浩瀚國際生活品味有限公司",2014-06-11,,"Private, ltd by shares"426,2107333,"SBI Asia Limited",2014-06-11,,"Private, ltd by shares"427,2107423,"Shandong Huifeng Wood-Plastic Profile Co., Limited",2014-06-11,,"Private, ltd by shares"428,2107551,"Sharp Wealth Holdings (Hong Kong) Limited
富鋒控股(香港)有限公司",2014-06-11,,"Private, ltd by shares"429,2107581,"SHELDON-UNITED INTERNATIONAL (HK) LIMITED
上騰聯合國際(香港)有限公司",2014-06-11,2018-02-02,"Private, ltd by shares"430,2107265,"SHENG YIDA INDUSTRIAL LIMITED
勝億達實業有限公司",2014-06-11,,"Private, ltd by shares"431,2107465,"ShenMai (HK) Trading Co., Limited
香港神麥商貿有限公司",2014-06-11,,"Private, ltd by shares"432,2107547,"ShenZhen Boda Lighting Technology Co., Limited
深圳博大照明科技有限公司",2014-06-11,2017-11-17,"Private, ltd by shares"433,2107394,"SHENZHEN LIHAO ELECTRONIC HONG KONG CO., LIMITED
深圳市利好電子香港有限公司",2014-06-11,2018-01-19,"Private, ltd by shares"434,2107185,"Shenzhen Oneyou Technology Limited
深圳萬優科技有限公司",2014-06-11,,"Private, ltd by shares"435,2107491,"Shenzhen Somple Technology Co., Limited
深圳鑫普萊科技有限公司",2014-06-11,,"Private, ltd by shares"436,2107503,"SHINE YORK CORPORATION LIMITED
上沃有限公司",2014-06-11,,"Private, ltd by shares"437,2107511,"SHING DAI MEDICINE HONG KONG LIMITED
聖大醫藥香港有限公司",2014-06-11,2019-09-27,"Private, ltd by shares"438,2107569,"SIDEWALK TRADING CO., LIMITED",2014-06-11,2018-03-02,"Private, ltd by shares"439,2107392,"Simlam Limited",2014-06-11,2016-05-06,"Private, ltd by shares"440,2107129,"Singing Trading (HK) Co., Limited
思穎貿易(香港)有限公司",2014-06-11,,"Private, ltd by shares"441,2107251,"SINO GERMAN JIASHI GROUP (XINTAISHAN) LIMITED
中德加仕集團(鑫泰山)有限公司",2014-06-11,2018-03-02,"Private, ltd by shares"442,2107356,"Sino Technology (China) Limited
信諾科技(中國)有限公司",2014-06-11,2019-02-08,"Private, ltd by shares"443,2107451,"SKY STONE LIMITED
天石有限公司",2014-06-11,2018-03-02,"Private, ltd by shares"444,2107135,"SkyDigita Technologies (HK) Limited
明日凱立科技(香港)有限公司",2014-06-11,,"Private, ltd by shares"445,2107468,"SKYLINK INCORPORATION LIMITED
仁興有限公司",2014-06-11,,"Private, ltd by shares"446,2107210,"SMART ENTERPRISE DEVELOPMENT (CHINA) CO., LIMITED
斯瑪特企業發展(中國)有限公司",2014-06-11,2020-04-29,"Private, ltd by shares"447,2107576,"SOCLL TECHNOLOGY CO., LIMITED
搜科科技有限公司",2014-06-11,,"Private, ltd by shares"448,2107561,"SOLISLA LIMITED",2014-06-11,2018-03-02,"Private, ltd by shares"449,2107134,"Star Plas Group (China) Limited
塑星集團(中國)有限公司",2014-06-11,,"Private, ltd by shares"450,2107294,"STRATEGIC OPERATIONS PARTNERS LIMITED
策略經營夥伴有限公司",2014-06-11,2015-11-27,"Private, ltd by shares"451,2107507,"SUCCESS CHAMPION (HK) LIMITED
成冠(香港)有限公司",2014-06-11,,"Private, ltd by shares"452,2107364,"SUN SUN SYSTEM GROUP LIMITED
森升科技集團有限公司",2014-06-11,2019-03-15,"Private, ltd by shares"453,2107355,"SunBliss Resources Limited
天佑資源有限公司",2014-06-11,,"Private, ltd by shares"454,2107312,"Sung Rise International Investment Group Limited
晟熙國際投資集團有限公司",2014-06-11,,"Private, ltd by shares"455,2107477,"SUNRISE EMPIRE LIMITED",2014-06-11,2018-03-02,"Private, ltd by shares"456,2107463,"Sunsi Australia Technology Investment Limited
澳洲新思科技投資有限公司",2014-06-11,2017-06-09,"Private, ltd by shares"457,2107125,"SUPER MAY INTERNATIONAL TRADING LIMITED
久美國際貿易有限公司",2014-06-11,,"Private, ltd by shares"458,2107181,"SWITZERLAND YOUPIN INT'L TRADING LIMITED
瑞士優品國際貿易有限公司",2014-06-11,,"Private, ltd by shares"459,2107602,"SX FOUNDATION LIMITED",2014-06-11,,"Ltd by guarantee"460,2107215,"SYNERGY COOLING ESCO (HK) LIMITED
滙能空調節能服務(香港)有限公司",2014-06-11,,"Private, ltd by shares"461,2107428,"TAIWAN LEFT HAND RIGHT HAND CULTURE CREATIVE INTERNATIONAL LIMITED
台灣左手右手文創國際有限公司",2014-06-11,2020-01-24,"Private, ltd by shares"462,2107586,"TAKARA GLOBAL DEVELOPMENT LIMITED
皓天環球發展有限公司",2014-06-11,,"Private, ltd by shares"463,2107280,"TAUSCHEN INTERNATIONAL LIMITED",2014-06-11,,"Private, ltd by shares"464,2107413,"TEC CASTING INDUSTRIAL CO., LIMITED",2014-06-11,2017-11-24,"Private, ltd by shares"465,2107249,"TEMOCY INTERNATIONAL LIMITED",2014-06-11,2017-12-01,"Private, ltd by shares"466,2107336,"TENMA INDUSTRIAL DEVELOPMENT LIMITED
天馬實業發展有限公司",2014-06-11,2017-09-22,"Private, ltd by shares"467,2107201,"TFT BEIJING FINE ART LOGISTICS LIMITED
北京同復泰藝術品物流有限公司",2014-06-11,,"Private, ltd by shares"468,2107575,"TIANHUI ELECTRONIC (HONGKONG) CO., LIMITED
天慧電子(香港)有限公司",2014-06-11,2019-03-15,"Private, ltd by shares"469,2107335,"Tinco Property Agency Limited
天行地產代理有限公司",2014-06-11,,"Private, ltd by shares"470,2107594,"TRADE STAR HK LIMITED",2014-06-11,,"Private, ltd by shares"471,2107458,"TRADERS LIMITED (d2015-05-29)
卓特有限公司",2014-06-11,2015-05-29,"Private, ltd by shares"472,2107644,"TRADING INCORPORATION LIMITED",2014-06-11,,"Private, ltd by shares"473,2107182,"Trickeye Museum Global Co., Limited
特麗愛美術館環球有限公司",2014-06-11,,"Private, ltd by shares"474,2107552,"Trigo Tech Limited",2014-06-11,,"Private, ltd by shares"475,2107363,"TRINITY GOLF LIMITED",2014-06-11,2019-03-15,"Private, ltd by shares"476,2107604,"Triple Kind Limited
三仁有限公司",2014-06-11,,"Private, ltd by shares"477,2107347,"True Taste Food Production Limited
傳味食品有限公司",2014-06-11,,"Private, ltd by shares"478,2107548,"TYG CAPITAL MANAGEMENT (INT'L) LIMITED",2014-06-11,2019-03-15,"Private, ltd by shares"479,2107160,"U &amp; Q INT'L CO., LIMITED
尤奎特國際有限公司",2014-06-11,2019-03-15,"Private, ltd by shares"480,2107557,"UAS International Trip Support Limited",2014-06-11,,"Private, ltd by shares"481,2107623,"ULTRA PEARL LIMITED",2014-06-11,,"Private, ltd by shares"482,2107284,"ULY INDUSTRY (HK) CO., LIMITED
德優力實業(香港)有限公司",2014-06-11,,"Private, ltd by shares"483,2107412,"UNISPEEDY TECHNOLOGY CO., LIMITED
聯信科技發展有限公司",2014-06-11,,"Private, ltd by shares"484,2107555,"USA DUN LE ELECTRICAL (HONGKONG) LIMITED
美國頓勒電氣(香港)有限公司",2014-06-11,,"Private, ltd by shares"485,2107541,"USA HAITIAN BIOTECHNOLOGY GROUP LIMITED
美國海天生物科技集團有限公司",2014-06-11,2018-03-02,"Private, ltd by shares"486,2107198,"V WELLNESS INTERNATIONAL LIMITED
樂健國際有限公司",2014-06-11,,"Private, ltd by shares"487,2107151,"VEGWARE HONG KONG LIMITED",2014-06-11,,"Private, ltd by shares"488,2107119,"VILIONS LIMITED",2014-06-11,2020-04-29,"Private, ltd by shares"489,2107599,"WAH FAI DECORATION ENGINEERING COMPANY LIMITED
華輝裝飾工程有限公司",2014-06-11,2018-03-02,"Private, ltd by shares"490,2107587,"WAI KEE TYRE DEVELOPMENT LIMITED
偉基膠輪發展有限公司",2014-06-11,,"Private, ltd by shares"491,2107168,"Watow Industrial Co., Limited
香港華倫實業有限公司",2014-06-11,,"Private, ltd by shares"492,2107577,"Wealth Electronic &amp; Technology (HK) Co., Limited
鴻圖發電子科技(香港)有限公司",2014-06-11,,"Private, ltd by shares"493,2107298,"WEIHAOMEI FOOD CO., LIMITED
味好美食品有限公司",2014-06-11,2018-03-02,"Private, ltd by shares"494,2107512,"WELLSHARE INTERNATIONAL LOGISTICS CO., LIMITED",2014-06-11,,"Private, ltd by shares"495,2107469,"WESTWOOD INC LIMITED
維活有限公司",2014-06-11,,"Private, ltd by shares"496,2107232,"WICOLORLED LIMITED
深圳威彩光電有限公司",2014-06-11,2017-07-21,"Private, ltd by shares"497,2107472,"WIN-HOUSE (ASIA) LIMITED
文顥(亞洲)有限公司",2014-06-11,,"Private, ltd by shares"498,2107275,"Wing Hing Technology (HK) Co., Limited
永興科技(香港)有限公司",2014-06-11,,"Private, ltd by shares"499,2107513,"WING LEONG (CHINA) INVESTMENT LIMITED
榮亮(中國)投資有限公司",2014-06-11,,"Private, ltd by shares"500,2107318,"WINTON LIFECARE (HK) APPLIANCE CO., LIMITED
盈通生活電器(香港)有限公司",2014-06-11,2019-12-06,"Private, ltd by shares"501,2107514,"WISE GREAT ELECTRONIC TECHNOLOGY LIMITED
廣智電子科技有限公司",2014-06-11,2015-12-11,"Private, ltd by shares"502,2107377,"WOODKASA LIMITED
木品良配有限公司",2014-06-11,,"Private, ltd by shares"503,2107542,"WORLD CHINESE LADIES CLUB LIMITED
世界華太俱樂部有限公司",2014-06-11,2019-10-04,"Private, ltd by shares"504,2107556,"WYNNERS LOGISTICS CO., LIMITED",2014-06-11,2017-11-24,"Private, ltd by shares"505,2107242,"X-LIANRONG INT'L LIMITED
信聯榮國際有限公司",2014-06-11,,"Private, ltd by shares"506,2107362,"XIAMEN COWAY IMPORT AND EXPORT CO., LIMITED
廈門彩傲進出口有限公司",2014-06-11,,"Private, ltd by shares"507,2107521,"XY CREATIVE COMPANY LIMITED
顯揚映像製作有限公司",2014-06-11,,"Private, ltd by shares"508,2107289,"Y H HOME WORLDWIDE GROUP LIMITED
嬰皇家家國際集團有限公司",2014-06-11,2019-03-15,"Private, ltd by shares"509,2107186,"YANGS INDUSTRY CO., LIMITED
楊氏實業有限公司",2014-06-11,2020-06-05,"Private, ltd by shares"510,2107130,"YI MING CONSULTANT ASSOCIATES LIMITED
億銘商務顧問有限公司",2014-06-11,2018-05-11,"Private, ltd by shares"511,2107144,"YIFU CONSULTING MANAGEMENT (HK) LIMITED
倚富諮詢管理(香港)有限公司",2014-06-11,,"Private, ltd by shares"512,2107303,"YING WEI TECHNOLOGY INDUSTRIAL LIMITED
英偉科技實業有限公司",2014-06-11,2019-03-15,"Private, ltd by shares"513,2107276,"YOHE TECHNOLOGY LIMITED
仁裕和科技有限公司",2014-06-11,,"Private, ltd by shares"514,2107567,"YOLO go Limited",2014-06-11,,"Private, ltd by shares"515,2107274,"Yolo Resort Limited",2014-06-11,,"Private, ltd by shares"516,2107146,"YQ (HONG KONG) DEVELOPMENT LIMITED
益慶(香港)發展有限公司",2014-06-11,,"Private, ltd by shares"517,2107307,"YUANDONG HIGH-TECH GROUP CO., LIMITED
遠東高新科技集團有限公司",2014-06-11,2019-03-15,"Private, ltd by shares"518,2107461,"YUHAO SURFACE TREATMENT LIMITED
御皓表面精飾有限公司",2014-06-11,,"Private, ltd by shares"519,2107432,"YUNFENG INTERNATIONAL TRADING (HONGKONG) CO., LIMITED
雲峰國際貿易(香港)有限公司",2014-06-11,,"Private, ltd by shares"520,2107585,"YWL Agency Limited",2014-06-11,,"Private, ltd by shares"521,2107402,"Zhejiang Cape of Good Hope IMP.&amp; EXP. (HK) Co., Limited
浙江好望角進出口(香港)有限公司",2014-06-11,2018-03-02,"Private, ltd by shares"522,2107166,"ZHONGSHAN LEDASUN LIGHTING CO., LIMITED
中山市勵順照明電器有限公司",2014-06-11,,"Private, ltd by shares"523,2107218,"ZHONGYIN MEITAI COSMETIC CO., LIMITED
中銀美泰化妝品有限公司",2014-06-11,,"Private, ltd by shares"524,2107452,"ZHONGZHENGDE INDUSTRIAL CO., LIMITED
中正德實業有限公司",2014-06-11,,"Private, ltd by shares"525,2107219,"ZIVIVA CO., LIMITED
再非凡實業有限公司",2014-06-11,2018-10-19,"Private, ltd by shares"526,2107598,"ZIYU ADMINISTRATION CO., LIMITED
紫鈺管理有限公司",2014-06-11,2018-03-02,"Private, ltd by shares"527,2107237,"ZJB TRADING LIMITED (HK)",2014-06-11,,"Private, ltd by shares"528,2107445,"ZP-CORE TECHNOLOGY (HK) LIMITED
展鵬芯科技(香港)有限公司",2014-06-11,,"Private, ltd by shares"529,2107258,"ZPHT AUTOMOBILE TRADING LIMITED
中配匯通汽車用品商貿有限公司",2014-06-11,2019-03-15,"Private, ltd by shares"530,2107393,"ZTE INTERNATIONAL FINANCIAL LEASING (CHINA) CO., LIMITED
中興國際融資租賃(中國)有限公司",2014-06-11,2019-03-15,"Private, ltd by shares"531,2107370,"ZZC IMPORT AND EXPORT CO., LIMITED
眾志誠進出口有限公司",2014-06-11,2020-01-03,"Private, ltd by shares"